{
  "comparison": {
    "clean_worktree_cross_target_ratio": {
      "qpp_cpu_over_mklq_cpu_sample_full_register_q18_1024_shots": 78.52264028646542,
      "qpp_cpu_over_mklq_cpu_sample_full_register_q18_65536_shots": 45.239615864241905,
      "qpp_cpu_over_mklq_cpu_sample_full_register_q20_1024_shots": 81.5576056878068,
      "qpp_cpu_over_mklq_cpu_sample_full_register_q20_65536_shots": 54.224986540138374,
      "qpp_cpu_over_mklq_cpu_sample_full_register_q22_1024_shots": 66.31991169602045,
      "qpp_cpu_over_mklq_cpu_sample_full_register_q22_65536_shots": 55.628399201833524,
      "qpp_cpu_over_mklq_cpu_sample_partial_register_q18_1024_shots": 109.55513891105993,
      "qpp_cpu_over_mklq_cpu_sample_partial_register_q18_65536_shots": 77.84343758237698,
      "qpp_cpu_over_mklq_cpu_sample_partial_register_q20_1024_shots": 82.1933281040879,
      "qpp_cpu_over_mklq_cpu_sample_partial_register_q20_65536_shots": 93.81608732917314,
      "qpp_cpu_over_mklq_cpu_sample_partial_register_q22_1024_shots": 81.31567352527587,
      "qpp_cpu_over_mklq_cpu_sample_partial_register_q22_65536_shots": 80.44383076691099
    },
    "mklq_cpu_elapsed_seconds_median": {
      "sample_full_register_q18_1024_shots": 0.0028728755132760853,
      "sample_full_register_q18_65536_shots": 0.005485104498802684,
      "sample_full_register_q20_1024_shots": 0.012973250006325543,
      "sample_full_register_q20_65536_shots": 0.01896414601651486,
      "sample_full_register_q22_1024_shots": 0.07318741650669836,
      "sample_full_register_q22_65536_shots": 0.08791449951240793,
      "sample_partial_register_q18_1024_shots": 0.0022840000019641593,
      "sample_partial_register_q18_65536_shots": 0.003299937496194616,
      "sample_partial_register_q20_1024_shots": 0.013841749503626488,
      "sample_partial_register_q20_65536_shots": 0.012087333481758833,
      "sample_partial_register_q22_1024_shots": 0.06861974998901132,
      "sample_partial_register_q22_65536_shots": 0.07574968750122935
    }
  },
  "config": {
    "cases": [
      "sample-full-register",
      "sample-partial-register"
    ],
    "commands": [
      [
        "benchmarks/mklq/bench_mklq_targets.py",
        "--isolate-rows",
        "--targets",
        "qpp-cpu,mklq-cpu",
        "--cases",
        "sample-full-register,sample-partial-register",
        "--qubits",
        "18,20,22",
        "--shot-counts",
        "1024,65536",
        "--repeats",
        "2",
        "--warmups",
        "1",
        "--layers",
        "8",
        "--output",
        "benchmarks/mklq/results/local-sampling-scaling-cpu-q18-q22-2026-06-23.json"
      ]
    ],
    "isolate_rows": true,
    "layers": 8,
    "qubits": [
      18,
      20,
      22
    ],
    "repeats": 2,
    "shot_counts": [
      1024,
      65536
    ],
    "shots": 1024,
    "targets": [
      "qpp-cpu",
      "mklq-cpu"
    ],
    "warmups": 1
  },
  "environment": {
    "MKL_NUM_THREADS": null,
    "OMP_DYNAMIC": "false",
    "OMP_NUM_THREADS": "10",
    "OMP_PLACES": null,
    "OMP_PROC_BIND": "close",
    "VECLIB_MAXIMUM_THREADS": "1"
  },
  "evidence_kind": "clean_local_benchmark_evidence",
  "git": {
    "branch": "main",
    "commit": "0cb821897fc158c9755173da70953444099a1e64",
    "dirty": false
  },
  "interpretation": {
    "clean_worktree": true,
    "performance_claim_scope": "local Apple M5 q18-q22 CPU sampling scaling comparison only; not a cross-machine release benchmark",
    "raw_json_files_are_ignored": true,
    "runtime_build_note": "The CUDA-Q Python runtime and source provenance are recorded from the raw benchmark report generated by run_sampling_scaling_benchmark.py.",
    "scaling_axis": [
      "qubits",
      "shots"
    ],
    "scaling_qubits": [
      18,
      20,
      22
    ],
    "scaling_shot_counts": [
      1024,
      65536
    ],
    "summary": "Clean-worktree local sampling scaling run comparing qpp-cpu and mklq-cpu for q18/q20/q22 full-register and partial-register sampling at 1024 and 65536 shots."
  },
  "machine": {
    "cpu_brand": "Apple M5",
    "logical_cores": 10,
    "machine": "arm64",
    "macos_version": "26.5.1",
    "memory_bytes": 17179869184,
    "platform": "macOS-26.5.1-arm64-arm-64bit",
    "processor": "arm",
    "python": "3.12.2"
  },
  "raw_results": [
    {
      "path": "benchmarks/mklq/results/local-sampling-scaling-cpu-q18-q22-2026-06-23.json",
      "sha256": "d0fc30326ee62db3d8be2a968f87a9c6e253b3155bf230ce911720414ea2e4c7",
      "status_rows": {
        "ok": 24
      },
      "tracked": false
    }
  ],
  "rows": [
    {
      "case": "sample-full-register",
      "elapsed_seconds_max": 0.22614400001475587,
      "elapsed_seconds_median": 0.22558577051677275,
      "elapsed_seconds_min": 0.22502754101878963,
      "estimated_state_bytes": 4194304,
      "gate_count": 36,
      "process_max_rss_bytes_cumulative": 224952320,
      "qubits": 18,
      "repeats": 2,
      "sample_latency_seconds_per_shot": 0.0002202986040202859,
      "sample_throughput_shots_per_second": 4539.2934033658985,
      "shots": 1024,
      "status": "ok",
      "target": "qpp-cpu",
      "warmups": 1
    },
    {
      "case": "sample-full-register",
      "elapsed_seconds_max": 0.2606559580017347,
      "elapsed_seconds_median": 0.24814402050105855,
      "elapsed_seconds_min": 0.2356320830003824,
      "estimated_state_bytes": 4194304,
      "gate_count": 36,
      "process_max_rss_bytes_cumulative": 213549056,
      "qubits": 18,
      "repeats": 2,
      "sample_latency_seconds_per_shot": 3.786377265946328e-06,
      "sample_throughput_shots_per_second": 264104.6915725315,
      "shots": 65536,
      "status": "ok",
      "target": "qpp-cpu",
      "warmups": 1
    },
    {
      "case": "sample-full-register",
      "elapsed_seconds_max": 1.068340541998623,
      "elapsed_seconds_median": 1.0580672085052356,
      "elapsed_seconds_min": 1.0477938750118483,
      "estimated_state_bytes": 16777216,
      "gate_count": 40,
      "process_max_rss_bytes_cumulative": 260653056,
      "qubits": 20,
      "repeats": 2,
      "sample_latency_seconds_per_shot": 0.0010332687583058942,
      "sample_throughput_shots_per_second": 967.8024153556715,
      "shots": 1024,
      "status": "ok",
      "target": "qpp-cpu",
      "warmups": 1
    },
    {
      "case": "sample-full-register",
      "elapsed_seconds_max": 1.030345999985002,
      "elapsed_seconds_median": 1.028330562490737,
      "elapsed_seconds_min": 1.0263151249964722,
      "estimated_state_bytes": 16777216,
      "gate_count": 40,
      "process_max_rss_bytes_cumulative": 281706496,
      "qubits": 20,
      "repeats": 2,
      "sample_latency_seconds_per_shot": 1.569107913956813e-05,
      "sample_throughput_shots_per_second": 63730.47966333329,
      "shots": 65536,
      "status": "ok",
      "target": "qpp-cpu",
      "warmups": 1
    },
    {
      "case": "sample-full-register",
      "elapsed_seconds_max": 4.876909999991767,
      "elapsed_seconds_median": 4.853782999984105,
      "elapsed_seconds_min": 4.830655999976443,
      "estimated_state_bytes": 67108864,
      "gate_count": 44,
      "process_max_rss_bytes_cumulative": 395476992,
      "qubits": 22,
      "repeats": 2,
      "sample_latency_seconds_per_shot": 0.004740022460921978,
      "sample_throughput_shots_per_second": 210.96946443698727,
      "shots": 1024,
      "status": "ok",
      "target": "qpp-cpu",
      "warmups": 1
    },
    {
      "case": "sample-full-register",
      "elapsed_seconds_max": 4.904214083013358,
      "elapsed_seconds_median": 4.890542874505627,
      "elapsed_seconds_min": 4.876871665997896,
      "estimated_state_bytes": 67108864,
      "gate_count": 44,
      "process_max_rss_bytes_cumulative": 411041792,
      "qubits": 22,
      "repeats": 2,
      "sample_latency_seconds_per_shot": 7.462376212319377e-05,
      "sample_throughput_shots_per_second": 13400.557296335915,
      "shots": 65536,
      "status": "ok",
      "target": "qpp-cpu",